{"5355 delmar boulevard, st. louis, mo, 63112": [38.653032821324, -90.274667906069], "1041 45th street, west palm beach, fl, 33407": [26.753254359713, -80.067447298593], "2200 randallia drive, fort wayne, in, 46805": [41.096415934777, -85.111502106612], "105 hospital drive, sweet springs, mo, 65351": null, "10918 elm avenue, kansas city, mo, 64134": [38.925593229949, -94.477888821845], "fairfax rd at virginia st, salt lake city, ut, 84103": [40.777031957957, -111.852240269939], "5900 west rochelle avenue, las vegas, nv, 89103": [36.111018360851, -115.222209019498], "17029 kercheval avenue, grosse pointe, mi, 48230": null, "13818 north thunderbird blvd, sun city, az, 85351": [33.60917989777, -112.297696210749], "3550 normand ave, college station, tx, 77845": [30.581233847464, -96.291929607796], "1026 a avenue ne - 6th floor, cedar rapids, ia, 52402": [41.984904573486, -91.660476107787], "310 lafayette se, grand rapids, mi, 49503": [42.959163767698, -85.661596667108], "3853 rosecrans street, san diego, ca, 92110": [32.75362049558, -117.20262783125], "1755 curie  suite a, el paso, tx, 79902": [31.779759274855, -106.476796987427], "6130 parkway drive, corpus christi, tx, 78414": [27.687022351847, -97.375001452796], "2837 ernest street  building b, lake charles, la, 70601": [30.203532094315, -93.223155737967], "401 north broadway, green springs, oh, 44836": [41.261351840936, -83.052065311865], "6001 east woodman road  6th floor, colorado springs, co, 80923": null, "6801 oakmont blvd, fort worth, tx, 76132": [32.662773386733, -97.413014323474], "1395 george dieter, el paso, tx, 79936": [31.733868967447, -106.301807158405], "4455 i-19 frontage road, green valley, az, 85614": null, "1451 44th avenue south, grand forks, nd, 58208": [47.878377131688, -97.047666267402], "5899 west rivendell drive, west jordan ut, ut, 84088": [40.588901210573, -112.03407352645], "5351 delmar blvd., st.louis, mo, 63112": [38.653031593783, -90.274659236565], "5550 university avenue, san diego, ca, 92105": [32.747867504504, -117.076356155498], "100 valley drive, pauls valley, ok, 73095": [34.720187305292, -97.21409421228], "5975 west twaintreet, las vegas, nv, 89103": [36.121788432407, -115.223601519563], "2115 park view drive, el reno, ok, 73036": [35.530587891267, -97.976652703131], "4545 north federal hwy, ft. lauderdale, fl, 33308": [26.184265030389, -80.118464740823], "700 broadway  7th floor east, fort wayne, in, 46802": [41.078840880401, -85.148937976623], "18457 madison ave, castro valley, ca, 94546": [37.712318154368, -122.063657385986], "16000 southwest frwy  suite 100, sugar land, tx, 77479": null, "900 e whitestone blvd, cedar park, tx, 78613": [30.523856019506, -97.820560849348], "5121 raytown road, kansas city, mo, 64133": [39.029891374956, -94.47030177624], "2900 telestar court, falls church, va, 22042": [38.872891198601, -77.224479411159], "1901 n. dupont highway, new castle, de, 19720": [39.697866032189, -75.57499007943], "303 avenue i, chillicothe, tx, 79225": [34.255997624476, -99.515659132155], "3160 geneva st., los angeles, ca, 90020": [34.067664280242, -118.285764777317], "1501 e. 16th street, newport beach, ca, 92263": null, "70440 spiral drive, carrizo springs, tx, 78834": null, "8900 west 38th avenue, wheat ridge, co, 80033": [39.769286037555, -105.097026969888], "1230 york avenue, new york, ny, 10021": [40.762965979043, -73.956496455309], "900 main street, roosevelt island, ny, 10044": [40.755673590352, -73.954260835392], "9150 huebner rd, san antonio, tx, 78240": [29.527177867305, -98.596343744697], "2131 west 3rd street, los angeles, ca, 90057": [34.063129727723, -118.27321215429], "1400 medical parkway, carson city, nv, 89703": [39.199480089335, -119.783959464805], "8701 troost avenue, kansas city, mo, 64131": [38.969222956286, -94.576668756651], "2303 s.e military drive, san antonio, tx, 78223": [29.352018801902, -98.456159156005], "6226 saratoga blvd, corpus christi, tx, 78414": [27.679365501527, -97.371361895741], "9812 six pines dr., the woodlands, tx, 77380": null, "217 physicians park drive, poplar bluff, mo, 63901": [36.770019783913, -90.458876911765], "700 east university, des moines, ia, 50316": [41.600425842109, -93.610747451702], "7700 east florentine road, prescott valley, az, 86314": [34.588279376374, -112.331081987068], "13855 east 14th street, san leandro, ca, 94578": [37.714516676808, -122.141878223749], "1kst, fort scott, ks, 66701": null, "368 ne franklin street, lake city, fl, 32056": null, "400 east marshall st., west chester, pa, 19380": [39.969111409065, -75.602190788659], "4413 highway 331 south, defuniak springs, fl, 32433": [30.786793401529, -86.178802940041], "highway 61 west, fort madison, ia, 52627": null, "6509 w 103rd street, overland park, ks, 66212": [38.942026752408, -94.6622444214], "1604 rock prairie road, college station, tx, 77840": [30.582269827426, -96.292095163975], "724 pershing street, ellwood city, pa, 16117": [40.869624666944, -80.274558121817], "1212 lancaster street, fort worth, tx, 76102": [32.746787218799, -97.339208283788], "1025 s. second, walla walla, wa, 99362": [46.054551499739, -118.331801775652], "19126 stone hue, san antonio, tx, 78258": [29.627191372775, -98.492976332975], "718 lexington ave., san antonio, tx, 78212": [29.436986860347, -98.492883325353], "3933 south broadway, st. louis, mo, 63118": [38.58335530309, -90.227583906172], "570 willow rd, menlo park, ca, 94025": [37.462156459953, -122.15936035785], "1170 cleveland avenue 4th floor, east point, ga, 30344": [33.680063472634, -84.430054555507], "n10 n river roader creek rd, fort yates, nd, 58538": null, "2316 east meyer boulevard 3-west, kansas city, mo, 64132": [39.007215370897, -94.558934274541], "300 garnet way, warm springs, mt, 59756": [46.181284480309, -112.788905700288], "2400 hospital drive, bossier city, la, 71111": [32.557545098775, -93.721113328659], "141 w wheeler, aransas pass, tx, 78336": [27.906175388714, -97.144175184294], "miracle mile medical center, 6000 san vicente boulevard, ca, 90036": [34.057283024626, -118.361992103653], "130, san fidel, nm, 87049": null, "250 north first street drawer 2, blythe, ca, 92225": [33.613163975145, -114.595426250784], "725 south orange avenue, west covina, ca, 91790": [34.070986596278, -117.944179301054], "1720 termino avenue, long beach, ca, 90804": [33.788172267137, -118.145814930508], "2709 hospital blvd, grand prairie, tx, 75051": [32.73353891432, -97.048341115878], "330 broadway east, cuyahoga falls, oh, 44221": [41.133534670879, -81.477552939019], "600 north lewis street, new iberia, la, 70560": [30.008256228002, -91.795146923138], "12850 metcalf ave, overland park, ks, 66213": [38.896278151342, -94.667863265081], "2105 forest avenue, san jose, ca, 95128": [37.327111354359, -121.937184461366], "tri-city regional medical center, hawaiian gardens, ca, 90716": null, "5900 dirks road, fort worth, tx, 76132": [32.645583292821, -97.417090667729], "258 north ron mcnair blvd, lake city, sc, 29560": [33.879323096922, -79.759425130363], "1100 sw 11th street, live oak, fl, 32060": [30.233110085072, -82.818448350844], "25 heckel road, mc kees rocks, pa, 15136": [40.473369795434, -80.094062633715], "5900 west olympic blvd, los angeles, ca, 90036": [34.057471816193, -118.359938159128], "1416 george dieter, el paso, tx, 79936": [31.735682982785, -106.301520117525], "1275 glenwood drive, west monroe, la, 71291": [32.501605530907, -92.149615047683], "706 west king street, kings mountain, nc, 28086": [35.240935281797, -81.356014619682], "2201 45th street, west palm beach, fl, 33407": [26.758972155759, -80.087237230532], "615 s. new ballas road  7th floor, st. louis, mo, 63141": [38.644598919494, -90.443511394962], "531 west college street, los angeles, ca, 90012": [34.064633559822, -118.239081893349], "2501 harbor blvd, costa mesa, ca, 92626": [33.663336907897, -117.919339900979], "3200 canyon lake drive, rapid city, sd, 57702": [44.074364100868, -103.269077565398],